drop table if exists examples;
create table examples(
  ExampleID char(12) primary key,
  Title varchar(50),
  url varchar(255),
  submodules varchar(255),
  ParentNodeid varchar(12),
  level int,
  isparentflag tinyint,
  ancestor varchar(255)
);

insert into examples (exampleid,title,parentnodeid,level,isparentflag,ancestor) values
('01','第1章 Javascript基础', '', 1, 1, ''),
('02','第2章 React与HTML基础', '', 1, 1, ''),
('03','第3章 React与数据库操作', '', 1, 1, ''),
('04','第4章 EasyUI基础控件', '', 1, 1, ''),
('05','第5章 EasyUI数据库控件', '', 1, 1, ''),
('06','第6章 EasyUI综合应用', '', 1, 1, ''),
('07','第7章 AntD基础控件', '', 1, 1, ''),
('08','第8章 AntD数据库控件', '', 1, 1, ''),
('09','第9章 AntD表格数据编辑', '', 1, 1, ''),
('10','第10章 AntD树数据编辑', '', 1, 1, ''),
('11','第11章 AntD综合应用', '', 1, 1, ''),
('12','第12章 HighCharts图表应用', '', 1, 1, '');
insert into examples (exampleid,title,url,submodules,parentnodeid,level,isparentflag,ancestor) values
('101','常量','pages/chp01/Page101','','01', 2, 0, '01#'),
('102','变量','pages/chp01/Page102','', '01', 2, 0, '01#'),
('103','模板字符串','pages/chp01/Page103','', '01', 2, 0, '01#'),
('104','JSON对象及赋值','pages/chp01/Page104','', '01', 2, 0, '01#'),
('105','数组定义与赋值','pages/chp01/Page105','', '01', 2, 0, '01#'),
('106','数组合并','pages/chp01/Page106','', '01', 2, 0, '01#'),
('107','JSON数组对象','pages/chp01/Page107','', '01', 2, 0, '01#'),
('108','数组map遍历','pages/chp01/Page108','', '01', 2, 0, '01#'),
('109','数据forEach遍历','pages/chp01/Page109','', '01', 2, 0, '01#'),
('110','eval函数与计算器','pages/chp01/Page110','', '01', 2, 0, '01#'),
('111','传统函数与箭头函数','pages/chp01/Page111','', '01', 2, 0, '01#'),
('112','类与模块','pages/chp01/Page112','', '01', 2, 0, '01#'),
('191','我的临时实例','pages/chp01/Page191','', '01', 2, 0, '01#');
insert into examples (exampleid,title,url,submodules,parentnodeid,level,isparentflag,ancestor) values
('201','直接渲染HTML','pages/chp02/Page201','', '02', 2, 0, '02#'),
('202','数组渲染HTML','pages/chp02/Page202','', '02', 2, 0, '02#'),
('203','字符串渲染HTML','pages/chp02/Page203','', '02', 2, 0, '02#'),
('204','控件的事件与取值','pages/chp02/Page204','', '02', 2, 0, '02#'),
('205','动态添加组件值','pages/chp02/Page205','', '02', 2, 0, '02#'),
('206','使用div+span标签','pages/chp02/Page206','', '02', 2, 0, '02#'),
('207','类式组件页面跳转','pages/chp02/Page207','pages/chp02/Page207b', '02',2, 0, '02#'),
('208','函数组件页面跳转','pages/chp02/Page208','pages/chp02/Page208a','02', 2, 0, '02#'),
('209','Link页面跳转参数传递','pages/chp02/Page209','', '02', 2, 0, '02#'),
('210','Tabs选项卡跳转','pages/chp02/Page210','pages/chp02/Page210a', '02', 2, 0, '02#');
insert into examples (exampleid,title,url,submodules,parentnodeid,level,isparentflag,ancestor) values
('301','axios远程访问服务器','pages/chp03/Page301','', '03', 2, 0, '03#'),
('302','axios连接数据库','pages/chp03/Page302','', '03', 2, 0, '03#'),
('303','span数据展示','pages/chp03/Page303','', '03', 2, 0, '03#'),
('304','数据联动','pages/chp03/Page304','', '03', 2, 0, '03#'),
('305','数据分页显示','pages/chp03/Page305','', '03', 2, 0, '03#');
insert into examples (exampleid,title,url,submodules,parentnodeid,level,isparentflag,ancestor) values
('401','EasyUI基础控件','pages/chp04/Page401','', '04', 2, 0, '04#'),
('402','函数组件的定义与使用','pages/chp04/Page402','', '04', 2, 0, '04#'),
('403','类组件的定义与使用','pages/chp04/Page403','', '04', 2, 0, '04#'),
('404','layout控件','pages/chp04/Page404', '','04', 2, 0, '04#'),
('405','Tabs选项卡','pages/chp04/Page405','', '04', 2, 0, '04#'),
('406','filebutton文件上传','pages/chp04/Page406','', '04', 2, 0, '04#'),
('407','菜单','pages/chp04/Page407', '','04', 2, 0, '04#'),
('408','window窗体','pages/chp04/Page408','', '04', 2, 0, '04#'),
('409','综合应用','pages/chp04/Page409','', '04', 2, 0, '04#');
insert into examples (exampleid,title,url,submodules,parentnodeid,level,isparentflag,ancestor) values
('501','combobox联动','pages/chp05/Page501','', '05', 2, 0, '05#'),
('502','datalist数据列表','pages/chp05/Page502','', '05', 2, 0, '05#'),
('503','datalist分页','pages/chp05/Page503','', '05', 2, 0, '05#'),
('504','datagrid分页与过滤','pages/chp05/Page504','', '05', 2, 0, '05#'),
('505','tree一次性加载结点','pages/chp05/Page505','', '05', 2, 0, '05#'),
('506','tree逐级展开结点','pages/chp05/Page506','', '05', 2, 0, '05#'),
('507','tree树结点的合成','pages/chp05/Page507','', '05', 2, 0, '05#'),
('508','tree树结点联动','pages/chp05/Page508','', '05', 2, 0, '05#');
insert into examples (exampleid,title,url,submodules,parentnodeid,level,isparentflag,ancestor) values
('601','网格数据增删改','pages/chp06/Page601','', '06', 2, 0, '06#');
insert into examples (exampleid,title,url,submodules,parentnodeid,level,isparentflag,ancestor) values
('602','树结点增删改','pages/chp06/Page602','', '06', 2, 0, '06#');
insert into examples (exampleid,title,url,submodules,parentnodeid,level,isparentflag,ancestor) values
('603','树网格数据分类增删改','pages/chp06/Page603','', '06', 2, 0, '06#');
insert into examples (exampleid,title,url,submodules,parentnodeid,level,isparentflag,ancestor) values
('604','订单编辑程序','pages/chp06/Page604','', '06', 2, 0, '06#');
insert into examples (exampleid,title,url,submodules,parentnodeid,level,isparentflag,ancestor) values
('606','树与eCharts图表','pages/chp06/Page606','', '06', 2, 0, '06#');
insert into examples (exampleid,title,url,submodules,parentnodeid,level,isparentflag,ancestor) values
('701','AntD基础控件与事件','pages/chp07/Page701','', '07', 2, 0, '07#'),
('702','AntD绝对位置布局','pages/chp07/Page702','', '07', 2, 0, '07#'),
('703','AntD自定义组件','pages/chp07/Page703','', '07', 2, 0, '07#'),
('704','AntD-layout控件','pages/chp07/Page704', '','07', 2, 0, '07#'),
('705','AntD-Tabs选项卡','pages/chp07/Page705','', '07', 2, 0, '07#'),
('706','AntD-upload文件上传','pages/chp07/Page706','', '07', 2, 0, '07#'),
('707','AntD-菜单','pages/chp07/Page707', '','07', 2, 0, '07#'),
('708','AntD-浮窗与消息框','pages/chp07/Page708','', '07', 2, 0, '07#'),
('710','AntD临时文件','pages/chp07/Page710','', '07', 2, 0, '07#');
insert into examples (exampleid,title,url,submodules,parentnodeid,level,isparentflag,ancestor) values
('801','Table数据分页与过滤','pages/chp08/Page801','', '08', 2, 0, '08#'),
('802','List横竖分页显示数据','pages/chp08/Page802','', '08', 2, 0, '08#'),
('803','Tree一次性加载结点','pages/chp08/Page803','', '08', 2, 0, '08#'),
('804','Tree逐级展开结点','pages/chp08/Page804','', '08', 2, 0, '08#'),
('805','Tree结点组合与选中事件','pages/chp08/Page805','', '08', 2, 0, '08#'),
('806','Table数据查询组件','pages/chp08/Page806','', '08', 2, 0, '08#');
insert into examples (exampleid,title,url,submodules,parentnodeid,level,isparentflag,ancestor) values
('901','Table+浮窗数据编辑','pages/chp09/Page901','', '09', 2, 0, '09#'),
('902','Table+选项卡数据编辑','pages/chp09/Page902','', '09', 2, 0, '09#'),
('903','Table+抽屉选项卡数据编辑','pages/chp09/Page903','', '09', 2, 0, '09#'),
('904','span+浮窗数据编辑','pages/chp09/Page904','', '09', 2, 0, '09#'),
('905','Table数据编辑组件','pages/chp09/Page905','', '09', 2, 0, '09#'),
('906','Table数据查询组件','pages/chp09/Page906','', '09', 2, 0, '09#'),
('907','Table一对多数据编辑','pages/chp09/Page907','', '09', 2, 0, '09#'),

('1001','tree结点增删改','pages/chp10/Page1001','', '10', 2, 0, '10#'),
('1002','tree结点逐级展开与增删改','pages/chp10/Page1002','', '10', 2, 0, '10#'),
('1003','tree结点编码自动生成','pages/chp10/Page1003','', '10', 2, 0, '10#'),
('1004','tree+Table数据增删改','pages/chp10/Page1004','', '10', 2, 0, '10#'),

('1101','AntD订单编辑程序','pages/chp11/Page1101','', '11', 2, 0, '11#'),
('1102','AntD订单审核程序','pages/chp11/Page1102','', '11', 2, 0, '11#'),

('1201','highcharts单序列图','pages/chp12/Page1201','', '12', 2, 0, '12#'),
('1202','highcharts多序列图','pages/chp12/Page1202','', '12', 2, 0, '12#');

select* from examples;


drop table if exists Products;
CREATE TABLE Products(
	ProductID int AUTO_INCREMENT primary key,
	ProductName varchar(100) NOT NULL,
	EnglishName varchar(100),
	QuantityPerunit varchar(60),
	Unit varchar(16),
	Unitprice decimal(12, 2),
	SupplierID varchar(14),
	CategoryID char(1) NOT NULL,
	SubcategoryID char(14),  
    ReleaseDate date,
	Photopath json,
	Discontinued bit,
	Notes varchar(500)
);
truncate table products;
INSERT INTO `products` (productid,productname,englishname,quantityperunit,unit,unitprice,supplierid,categoryid,subcategoryid,releasedate,photopath,Discontinued,notes) 
VALUES (1,'王老吉凉茶','WangLaoJie Herbal Tea','330ml*6罐','箱',19.80,'WLJ','A','A101','2015-02-26','[{\"filename\": \"mybase/products/1.jpg\"}]',NULL,NULL),(2,'青岛啤酒','Tsintao Beer','330ml*6罐','箱',26.00,'QTPJ','A','A201','2010-08-31','[{\"filename\": \"mybase/products/2.jpg\"}]',NULL,NULL),(3,'华味亨冰糖杨梅干','Hua wei hang Dried Arbutus with Rock Sugar','180g','罐',12.90,'HWHSP','C','C4','2013-10-17','[{\"filename\": \"mybase/products/3.jpg\"}]',NULL,NULL),(4,'17.5°NFC鲜榨橙汁','17.5° Not From Concentrate Fresh Orange Juice','330ml*6瓶','箱',90.00,'NFSQ','A','A102','2012-05-17','[{\"filename\": \"mybase/products/4.jpg\"}]',NULL,NULL),(5,'哈奇咖喱粉','Hachi curry powder','40g','瓶',32.50,'WHMSP','B','B4','2012-01-01','[{\"filename\": \"mybase/products/5.jpg\"}]',NULL,NULL),(6,'康师傅矿泉水','Master.Kong Mineral Water','500ml*6瓶','箱',12.00,'KSF','A','A3','2014-11-13','[{\"filename\": \"mybase/products/6.jpg\"}]',NULL,NULL),(7,'豆腐','Tofu','500g','盒',4.25,'YXDZP','G','G3','2014-10-05','[{\"filename\": \"mybase/products/7.jpg\"}]',NULL,NULL),
(8,'娃哈哈营养快线','Wahaha Nutri-Express milk drink','450ml*6瓶','箱',20.00,'WHH','D','D101','2008-12-11','[{\"filename\": \"mybase/products/8.jpg\"},{\"filename\": \"mybase/resources/p_202302131676273622842.jpg\"}]',NULL,NULL),(9,'亨氏番茄沙司','Heinz Tomato Ketchup','300g','瓶',8.80,'HSSP','B','B1','2012-09-26','[{\"filename\": \"mybase/products/9.jpg\"}]',NULL,NULL),(10,'旺仔QQ糖','Wangzai QQ Candy','20g*20包','袋',19.60,'DWSP','C','C1','2012-12-27','[{\"filename\": \"mybase/products/10.jpg\"}]',NULL,NULL),(11,'汇源100%新鲜浓缩橙汁','Huiyuan 100% Fresh Concentrated Orange Juice','500mL*6盒','箱',42.00,'HYYL','A','A102','2014-01-03','[{\"filename\": \"mybase/products/11.jpg\"}]',NULL,NULL),(12,'M&M\'s牛奶巧克力豆','M&M\'s Milk Chocolate Candies','100g','罐',19.80,'MSSP','C','C3','2012-07-20','[{\"filename\": \"mybase/products/12.jpg\"}]',NULL,NULL),(13,'大连鲜活基围虾','Dalian Fresh shrimps','500g','袋',52.00,'JPHCP','H','H101','2011-03-29','[{\"filename\": \"mybase/products/13.jpg\"}]',NULL,NULL),(14,'亨氏婴幼儿面条','Heinz Baby noodles','252g','袋',22.50,'HSSP','E','E3','2014-09-13','[{\"filename\": \"mybase/products/14.jpg\"}]',NULL,NULL),(15,'金华火腿切片','Jinhua Ham slices','288g','包',50.00,'JHHT','F','F2','2008-02-03','[{\"filename\": \"mybase/products/15.jpg\"}]',NULL,NULL),(16,'芳泰樱桃小番茄','Fangtai Cherry Tomato','2500g','箱',19.90,'YXSM','G','G1','2013-03-11','[{\"filename\": \"mybase/products/16.jpg\"}]',NULL,NULL),(17,'鳕鱼烤鱼片','Roasted Fish Fillet','85g','袋',29.00,'PXYSM','H','H201','2011-10-02','[{\"filename\": \"mybase/products/17.jpg\"}]',NULL,NULL),(18,'李锦记蒸鱼豉油','Lee Kum Kee Seasoned Soy Sauce for Seafood','410ml','瓶',13.80,'LJJSP','B','B2','2015-06-13','[{\"filename\": \"mybase/products/18.jpg\"}]',NULL,NULL),(19,'哈奇黑胡椒粉','Hachi  Black Pepper','20g','瓶',17.50,'WHMSP','B','B4','2011-06-23','[{\"filename\": \"mybase/products/19.jpg\"}]',NULL,NULL),(20,'娃哈哈纯净水','Wahaha Purified Water','596ml*12瓶','箱',18.00,'WHH','A','A3','2009-01-18','[{\"filename\": \"mybase/products/20.jpg\"}, {\"filename\": \"mybase/products/20-1.jpg\"}]',NULL,NULL),(21,'海天烧烤汁','Haday Barbecue Sauce','230ml','瓶',6.75,'HTTW','B','B3','2013-10-30','[{\"filename\": \"mybase/products/21.jpg\"}]',NULL,NULL),(22,'菲律宾进口香蕉','Philippines imported Bananas','2500g','箱',39.80,'AZGYL','G','G1','2012-11-10','[{\"filename\": \"mybase/products/22.jpg\"}]',NULL,NULL),(23,'康师傅红烧牛肉面','Master kong Roasted Beef noodle','143g','桶',4.25,'KSF','E','E3','2013-09-17','[{\"filename\": \"mybase/products/23.jpg\"}]',NULL,NULL),(24,'双汇猪肉肋排段','Shuanghui Pork Ribs','500g','袋',30.00,'SHJT','F','F1','2014-05-17','[{\"filename\": \"mybase/products/24.jpg\"}]',NULL,NULL),(25,'农夫山泉30%混合果蔬汁','Nongfu Spring 30% Mixed Fruit and Vegetable Juice','500ml*6瓶','箱',23.50,'NFSQ','A','A102','2015-07-05','[{\"filename\": \"mybase/products/25.jpg\"}]',NULL,NULL),(26,'鲜活大扇贝','Fresh Big Scallop','500g','箱',69.80,'HDHY','H','H101','2008-11-09','[{\"filename\": \"mybase/products/26.jpg\"}]',NULL,NULL),(27,'水果小黄瓜','Fruit Cucumber','2500g','箱',29.80,'SSGS','G','G1','2009-02-02','[{\"filename\": \"mybase/products/27.jpg\"}]',NULL,NULL),(28,'蒙牛特仑苏纯牛奶','MengNiu Milk Deluxe','250ml*6盒','箱',32.50,'MNLY','D','D101','2012-09-27','[{\"filename\": \"mybase/products/28.jpg\"}]',NULL,NULL),(29,'新疆库尔勒香梨','Xinjiang Korla Pear','2500g','箱',45.50,'XJGY','G','G1','2012-09-08','[{\"filename\": \"mybase/products/29.jpg\"}]',NULL,NULL),(30,'醯官醋原浆米醋','Xiguancu Rice Vinegar','500ml','瓶',16.50,'XHSP','B','B3','2015-12-24','[{\"filename\": \"mybase/products/30.jpg\"}]',NULL,NULL),(31,'百草味雪花酥','Be＆Cheery Nougat Pastry','200g','包',18.50,'BCWSP','C','C2','2010-07-16','[{\"filename\": \"mybase/products/31.jpg\"}]',NULL,NULL),(32,'陆龙5A香脆醉泥螺','Lulong 5A Crispy Drunk Snail','1800g','桶',298.00,'YZLHZ','H','H202','2009-08-03','[{\"filename\": \"mybase/products/32.jpg\"}]',NULL,NULL),(33,'费列罗榛果巧克力','Ferrero Rocher Chocolate','300g','盒',70.50,'DCHCY','C','C3','2011-11-25','[{\"filename\": \"mybase/products/33.jpg\"}]',NULL,NULL),(34,'华味亨韩式话梅','Hua wei hang Korean style plum','130g','罐',15.75,'HWHSP','C','C4','2010-10-13','[{\"filename\": \"mybase/products/34.jpg\"}]',NULL,NULL),(35,'徐福记凤梨酥','Mr.Shu\'s Pineapple Cake','182g','盒',9.90,'XFJSP','C','C2','2016-01-01','[{\"filename\": \"mybase/products/35.jpg\"}]',NULL,NULL),(36,'天禾青芥辣芥末酱','Kingzest Wasabi Mustard','43g','支',10.00,'ZHYT','B','B1','2008-12-12','[{\"filename\": \"mybase/products/36.jpg\"}]',NULL,NULL),(37,'恩施富硒小土豆','EnShi Selenium-rich small potatoes','2500g','箱',20.00,'XYNY','G','G1','2010-11-18','[{\"filename\": \"mybase/products/37.jpg\"}]',NULL,NULL),(38,'欣和黄豆酱','Shinho Soybean Paste','800g','盒',12.50,'XHSP','B','B1','2010-01-24','[{\"filename\": \"mybase/products/38.jpg\"}]',NULL,NULL),(39,'李锦记瑞士风味汁','Lee Kum Kee All Purpose Marinade','410ml','瓶',27.50,'LJJSP','B','B3','2015-04-11','[{\"filename\": \"mybase/products/39.jpg\"}]',NULL,NULL),(40,'百草味猪肉脯','Baicaowei Dried Pork Slices','210g','袋',28.80,'BCWSP','F','F2','2011-03-01','[{\"filename\": \"mybase/products/40.jpg\"}]',NULL,NULL),(41,'查干湖草鱼','Chagan Lake Grass Carp','1kg','条',90.00,'JPHCP','H','H102','2013-05-25','[{\"filename\": \"mybase/products/41.jpg\"}]',NULL,NULL),(42,'徐福记鸡蛋沙琪玛','Hsu Fu Chi Egg Caramel Treats','525g','包',17.00,'XFJSP','C','C2','2012-09-26','[{\"filename\": \"mybase/products/42.jpg\"}]',NULL,NULL),(43,'荣业广式腊肠','Wing Yip Guangdong Style Sausage','250g','包',14.90,'RYSP','F','F2','2013-07-17','[{\"filename\": \"mybase/products/43.jpg\"}]',NULL,NULL),(44,'金枪鱼罐头','Tuna Giant','185g*3盒','组',25.90,'HBGT','H','H203','2008-11-15','[{\"filename\": \"mybase/products/44.jpg\"}]',NULL,NULL),(45,'绿箭薄荷口香糖','Doublemint Mint Chewing Gum','270g','包',22.80,'MSSP','C','C1','2013-05-01','[{\"filename\": \"mybase/products/45.jpg\"}]',NULL,NULL),(46,'乐天芒果汁','Lotte Mango Juice','180ml*6罐','箱',20.00,'LTSP','A','A102','2013-05-15','[{\"filename\": \"mybase/products/46.jpg\"}]',NULL,NULL),(47,'东北猴头菇','Northeast Hericium','250g','袋',24.00,'XSFTC','G','G2','2009-01-23','[{\"filename\": \"mybase/products/47.jpg\"}]',NULL,NULL),(48,'良品铺子泡椒凤爪','Chicken Feet with Pickled Peppers','128g','袋',24.50,'LPPZ','F','F2','2008-07-04','[{\"filename\": \"mybase/products/48.jpg\"}]',NULL,NULL),(49,'达利园法式小面包','Dali Garden Mini French Bread','700g','箱',15.50,'DLSP','E','E1','2013-02-18','[{\"filename\": \"mybase/products/49.jpg\"}]',NULL,NULL),(50,'良品铺子榴莲干','Bestore Durian Dry','30g','袋',27.80,'LPPZ','C','C4','2009-05-13','[{\"filename\": \"mybase/products/50.jpg\"}]',NULL,NULL),(51,'赣南脐橙','Gannan Fresh orange','2500g','箱',50.00,'AZGYL','G','G1','2013-05-16','[{\"filename\": \"mybase/products/51.jpg\"}]',NULL,NULL),(52,'五粮液100年传奇佳酿白酒','Wuliangye 100 years of legendary Liquor','52度500ml','瓶',65.00,'SBLJY','A','A202','2012-03-13','[{\"filename\": \"mybase/products/52.jpg\"}]',NULL,NULL),(53,'莫斯利安常温酸奶','Momchilovtsi normal temperature yogurt','200ml*12盒','箱',49.80,'GMLY','D','D102','2015-01-05','[{\"filename\": \"mybase/products/53.jpg\"}]',NULL,NULL),(54,'海悦源鱿鱼干','Sea Yueyuan Dried Squid','500g','袋',26.80,'YZLHZ','H','H201','2011-05-02','[{\"filename\": \"mybase/products/54.jpg\"}]',NULL,NULL),(55,'深海金鲳鱼','Deep-sea Gold pomfret','500g','袋',23.00,'KGHY','H','H101','2011-12-26','[{\"filename\": \"mybase/products/55.jpg\"}]',NULL,NULL),(56,'东古鱼生寿司酱油','Donggu Sashimi & Sushi Soy Sauce','200ml','瓶',11.50,'DGTW','B','B2','2013-11-20','[{\"filename\": \"mybase/products/56.jpg\"}]',NULL,NULL),(57,'六月鲜红烧酱油','Liuyuexian Soy Sauce for Braise Dishes','500ml','瓶',9.80,'XHSP','B','B2','2013-09-03','[{\"filename\": \"mybase/products/57.jpg\"}]',NULL,NULL),(58,'金针菇','Needle mushroom','250g','袋',9.50,'XSFTC','G','G2','2009-05-24','[{\"filename\": \"mybase/products/58.jpg\"}]',NULL,NULL),(59,'雪花啤酒','Snow Beer','330ml*6罐','箱',23.50,'HRSP','A','A201','2013-09-15','[{\"filename\": \"mybase/products/59.jpg\"}]',NULL,NULL),(60,'士力架花生夹心巧克力','Snickers Peanut Sandwich Chocolate','51g','根',7.50,'MSSP','C','C3','2010-11-04','[{\"filename\": \"mybase/products/60.jpg\"}]',NULL,NULL),(61,'双汇火腿肠','Shuanghui Ham Sausage','50g*10支','袋',7.50,'SHJT','F','F2','2008-06-22','[{\"filename\": \"mybase/products/61.jpg\"}]',NULL,NULL),(62,'美赞臣婴幼儿配方奶粉','Mead Johnson Infant Formula Milk Powder','850g','罐',218.00,'MZCYY','D','D2','2012-01-13','[{\"filename\": \"mybase/products/62.jpg\"}]',NULL,NULL),(63,'大白兔奶糖','White Rabbit Roll','500g','包',49.80,'GSYSP','C','C1','2011-10-29','[{\"filename\": \"mybase/products/63.jpg\"}]',NULL,NULL),(64,'香香记杏仁饼','Xiang\'s Pavlova','360g','盒',27.60,'XJSP','E','E2','2014-09-23','[{\"filename\": \"mybase/products/64.jpg\"}]',NULL,NULL),(65,'茅台王子酒 ','MOUTAI Prince Liquor','53度500ml','瓶',360.00,'SBLJY','A','A202','2010-08-10','[{\"filename\": \"mybase/products/65.jpg\"}]',NULL,NULL),(66,'天禾黑椒酱','Kingzest black pepper sauce','300g','瓶',22.00,'ZHYT','B','B1','2013-06-09','[{\"filename\": \"mybase/products/66.jpg\"}]',NULL,NULL),(67,'百草味山楂条','Baicaowei Hawthorn strips','228g','袋',6.75,'BCWSP','C','C4','2008-02-27','[{\"filename\": \"mybase/products/67.jpg\"}]',NULL,NULL),(68,'康师傅每日C橙汁','Master Kong Daily C Orange Juice','310ml*6瓶','箱',19.50,'KSF','A','A102','2011-02-24','[{\"filename\": \"mybase/products/68.jpg\"}]',NULL,NULL),(69,'光明优+纯牛奶','Bright Premium Pure Milk','250ml*6盒','箱',18.00,'GMLY','D','D101','2011-01-13','[{\"filename\": \"mybase/products/69.jpg\"}]',NULL,NULL),(70,'海天盐焗粉','Haday Salt-Backed Powder Seasoning','500g','袋',14.50,'HTTW','B','B4','2008-02-05','[{\"filename\": \"mybase/products/70.jpg\"}]',NULL,NULL),(71,'金鹏海蜇','Jinpeng Jellyfish','250g','袋',9.50,'JPHCP','H','H202','2010-03-22','[{\"filename\": \"mybase/products/71.jpg\"}]',NULL,NULL),(72,'好想你果干红枣','Haoxiangni red dates','500g','袋',21.90,'HXNJK','C','C4','2014-03-14','[{\"filename\": \"mybase/products/72.jpg\"}]',NULL,NULL),(73,'良品铺子迷你烤香肠','Bestore Mini Roasted Sausages','145g','袋',39.50,'LPPZ','F','F2','2015-12-05','[{\"filename\": \"mybase/products/73.jpg\"}]',NULL,NULL),(74,'麻辣醉蟹','Liquor-Soaked Crabs','350g','罐',33.50,'HXSC','H','H202','2012-08-06','[{\"filename\": \"mybase/products/74.jpg\"}]',NULL,NULL),(75,'瑞慕埃曼塔奶酪','Swissmooh Emmental AOC prepaired Cheese','170g','盒',55.00,'YFSC','D','D3','2010-07-11','[{\"filename\": \"mybase/products/75.jpg\"}]',NULL,NULL),(76,'桂格燕麦片','Quaker oats','1478g','袋',21.00,'GGSP','E','E4','2013-07-20','[{\"filename\": \"mybase/products/76.jpg\"}]',NULL,NULL),(77,'凤祥鸡翅根','Fouo Raw Chicken wing root','500g','袋',22.50,'FXSY','F','F1','2008-12-04','[{\"filename\": \"mybase/products/77.jpg\"}]',NULL,NULL),(78,'雪碧柠檬味汽水','Sprite Lemonade','330ml*6罐','箱',19.50,'SMYL','A','A103','2014-01-26','[{\"filename\": \"mybase/products/78.jpg\"}]',NULL,NULL),(79,'新鲜鲈鱼','Fresh Perch','500g','袋',29.00,'HDHY','H','H101','2014-11-22','[{\"filename\": \"mybase/products/79.jpg\"}]',NULL,NULL),(80,'新疆哈密瓜','Xinjiang Honey-Dew Melon','5000g','箱',49.90,'XJGY','G','G1','2015-05-06','[{\"filename\": \"mybase/products/80.jpg\"}]',NULL,NULL),(81,'康师傅茉莉蜜茶','Master Kong Classic Jasmine Honey Tea','500ml*6瓶','箱',19.00,'KSF','A','A101','2008-08-05','[{\"filename\": \"mybase/products/81.jpg\"}]',NULL,NULL),(82,'农夫山泉矿泉水','NongFu Spring Mineral Water','550ml*6瓶','箱',15.00,'NFSQ','A','A3','2016-02-17','[{\"filename\": \"mybase/products/82.jpg\"}, {\"filename\": \"mybase/products/82-1.jpg\"}, {\"filename\": \"mybase/products/82-3.jpg\"}]',NULL,NULL),(83,'良品铺子臭豆腐','Stinky Tofu','120g','袋',19.80,'LPPZ','G','G3','2011-08-21','[{\"filename\": \"mybase/products/83.jpg\"}]',NULL,NULL),(84,'北大荒香菇干','Dried Mushroom','150g','袋',28.80,'BDHNY','G','G2','2008-01-01','[{\"filename\": \"mybase/products/84.jpg\"}]',NULL,NULL),(85,'恒都澳洲牛肉块','Hondo Australian beef','500g','袋',32.80,'HDSP','F','F1','2013-09-24','[{\"filename\": \"mybase/products/85.jpg\"}]',NULL,NULL),(86,'德芙丝滑牛奶巧克力','Dove Silky Milk Chocolate','252g','碗',34.00,'MSSP','C','C3','2012-01-02','[{\"filename\": \"mybase/products/86.jpg\"}]',NULL,NULL),(87,'康师傅经典奶茶','Master Kong Classic Milk Tea','500ml*6瓶','箱',21.75,'KSF','A','A103','2012-12-23','[{\"filename\": \"mybase/products/87.jpg\"}]',NULL,NULL),(88,'乐天百事可乐','Lotte Pepsi-cola','250ml*6罐','箱',23.00,'LTSP','A','A103','2009-05-24','[{\"filename\": \"mybase/products/88.jpg\"}]',NULL,NULL),(89,'雀巢丝滑拿铁','Nestle Smooclatté','268ml*6瓶','箱',27.00,'NESTLE','A','A101','2008-04-04','[{\"filename\": \"mybase/products/89.jpg\"}]',NULL,NULL),(90,'西麦纯燕麦片','Seamild Oatmeal','1480g','袋',27.50,'XMSP','E','E4','2012-09-30','[{\"filename\": \"mybase/products/90.jpg\"}]',NULL,NULL),(91,'丹东99草莓','Dandong 99 Strawberry','1500g','箱',85.00,'LYNY','G','G1','2014-08-28','[{\"filename\": \"mybase/products/91.jpg\"}]',NULL,NULL),(92,'智利进口三文鱼','Chile-Imported Chilled Salmon','500g','袋',75.00,'JPHCP','H','H101','2008-07-25','[{\"filename\": \"mybase/products/92.jpg\"}]',NULL,NULL),(93,'全聚德烤鸭','Quanjude Roast Duck','1380g','只',150.00,'QJDJT','F','F2','2012-04-27','[{\"filename\": \"mybase/products/93.jpg\"}]',NULL,NULL),(94,'太太乐鸡精','Taitaile Granulated Chicken Bouillon','454g','袋',21.50,'TTLSP','B','B5','2010-12-23','[{\"filename\": \"mybase/products/94.jpg\"}]',NULL,NULL),(95,'李锦记草莓果酱','Lee Kum Kee Strawberry Jam','340g','瓶',21.25,'LJJSP','B','B1','2010-06-17','[{\"filename\": \"mybase/products/95.jpg\"}]',NULL,NULL),(96,'富昌虾皮','FuChang Dried Shrimps','250g','罐',28.00,'YZLHZ','H','H201','2008-07-13','[{\"filename\": \"mybase/products/96.jpg\"}]',NULL,NULL),(97,'良品铺子海带丝','Bestore Shredded Kelp','218g','袋',17.80,'LPPZ','H','H3','2011-06-25','[{\"filename\": \"mybase/products/97.jpg\"}]',NULL,NULL),(98,'雀巢全家营养奶粉','Nestle Family Nutrition Milk Powder','300g','袋',22.00,'NESTLE','D','D2','2009-11-16','[{\"filename\": \"mybase/products/98.jpg\"}]',NULL,NULL),(99,'蒙牛纯甄酸牛奶','MengNiu Just Yogurt','200g*24盒','箱',88.00,'MNLY','D','D102','2009-10-22','[{\"filename\": \"mybase/products/99.jpg\"}]',NULL,NULL),(100,'高果智利车厘子','Gaoguo Chile Cherry','1000g','包',96.00,'SSGS','G','G1','2016-01-17','[{\"filename\": \"mybase/products/100.jpg\"}]',NULL,NULL),(101,'徐福记橡皮糖','Mr.Shu\'s Gummy Candy','500g','包',20.50,'XFJSP','C','C1','2013-03-27','[{\"filename\": \"mybase/products/101.jpg\"}]',NULL,NULL),(102,'香记蛋卷','Xiang\'s Eggrolls','225g','盒',17.80,'XJSP','E','E2','2015-04-04','[{\"filename\": \"mybase/products/102.jpg\"}]',NULL,NULL),(103,'亨氏香甜沙拉酱','Heinz Salad Dressing Sweet','200g','袋',13.50,'HSSP','B','B1','2010-08-14','[{\"filename\": \"mybase/products/103.jpg\"}]',NULL,NULL),(104,'东海带鱼','East China Sea Hairtail','500g','包',49.00,'SHJT','H','H101','2013-10-18','[{\"filename\": \"mybase/products/104.jpg\"}]',NULL,NULL),(105,'山东红富士苹果','ShanDong Hongfushi Apple','1500g','箱',35.00,'YXSM','G','G1','2012-12-05','[{\"filename\": \"mybase/products/105.jpg\"}]',NULL,NULL),(106,'凤祥鸡翅中','Fouo Raw Chicken Wings','500g','袋',36.50,'FXSY','F','F1','2009-01-24','[{\"filename\": \"mybase/products/106.jpg\"}]',NULL,NULL),(107,'杨大爷腊肉','Uncle Yang\'s bacon','400g','袋',44.00,'HYYLX','F','F2','2012-06-11','[{\"filename\": \"mybase/products/107.jpg\"}]',NULL,NULL),(108,'徐福记什锦糖','Hsu Fu Chi Mixed Sugar','550g','桶',49.90,'XFJSP','C','C1','2014-01-16','[{\"filename\": \"mybase/products/108.jpg\"}]',NULL,NULL),(109,'阳澄湖大闸蟹','Yangcheng Lake hairy crab','150g*4只','箱',128.00,'HZBX','H','H102','2011-07-23','[{\"filename\": \"mybase/products/109.jpg\"}]',NULL,NULL),(110,'卤水豆腐','Bittern Tofu','500g','块',4.50,'YXDZP','G','G3','2014-07-08','[{\"filename\": \"mybase/products/110.jpg\"}]',NULL,NULL),(111,'安慕希希腊风味酸牛奶','Ambrosial Greek Flavor Yogurt','205g*12盒','箱',66.80,'LYSY','D','D102','2013-04-09','[{\"filename\": \"mybase/products/111.jpg\"}]',NULL,NULL),(112,'恒都新鲜羊肉','Hondo Fresh mutton','1000g','袋',80.00,'HDSP','F','F1','2009-08-25','[{\"filename\": \"mybase/products/112.jpg\"}]',NULL,NULL),(113,'北大荒花菇','BeiDaHuang Black Mushroom','100g','袋',34.60,'BDHNY','G','G2','2010-11-25','[{\"filename\": \"mybase/products/113.jpg\"}]',NULL,NULL),(114,'百草味蔓越莓曲奇','Be＆Cheery Cranberry Cookie','100g','袋',14.50,'BCWSP','E','E2','2012-05-01','[{\"filename\": \"mybase/products/114.jpg\"}]',NULL,NULL),(115,'雀巢优麦麦片','Nestle cereal','600g','袋',28.80,'NESTLE','E','E4','2013-04-21','[{\"filename\": \"mybase/products/115.jpg\"}]',NULL,NULL),(116,'深海鲍鱼','Deep-sea Abalone','500g','袋',88.00,'KGHY','H','H101','2013-04-28','[{\"filename\": \"mybase/products/116.jpg\"}]',NULL,NULL),(117,'千岛湖鲢鱼头','Qiandao Lake Silver Carp Head','1kg','只',55.00,'KGHY','H','H102','2015-03-21','[{\"filename\": \"mybase/products/117.jpg\"}]',NULL,NULL),(118,'旺仔牛奶','Wangzai Milk','250ml*6罐','箱',28.00,'DWSP','A','A103','2016-03-17','[{\"filename\": \"mybase/products/118.jpg\"}]',NULL,NULL),(119,'赵小姐店的酥饼','Miss Zhao\'s Pastry','198g','盒',44.00,'ZXJD','E','E1','2013-12-12','[{\"filename\": \"mybase/products/119.jpg\"}]',NULL,NULL),(120,'新鲜沙丁鱼','Fresh Sardine','500g','袋',36.00,'HDHY','H','H101','2009-05-04','[{\"filename\": \"mybase/products/120.jpg\"}]',NULL,NULL),(121,'安佳淡奶油','Anchor Whipping Cream','1000ml','盒',43.00,'GSYSP','D','D3','2012-08-09','[{\"filename\": \"mybase/products/121.jpg\"}]',NULL,NULL),(122,'海天味极鲜特级酱油','Haday Premium Soy Sauce','1280ml','瓶',19.90,'HTTW','B','B2','2012-06-16','[{\"filename\": \"mybase/products/122.jpg\"}]',NULL,NULL),(123,'新希望原态牧场纯牛奶','New Hope Virgin pasture pure milk','200ml*6盒','箱',13.90,'XXWTX','D','D101','2014-12-23','[{\"filename\": \"mybase/products/123.jpg\"}]',NULL,NULL),(124,'新希望若雪酸奶','New Hope Airsnow Yogurt','200g*12盒','箱',59.90,'XXWTX','D','D102','2015-02-15','[{\"filename\": \"mybase/products/124.jpg\"}]',NULL,NULL),(125,'好吃点夹心饼干','HCD Chocolate Cookies','218g','袋',12.75,'DLSP','E','E2','2014-06-23','[{\"filename\": \"mybase/products/125.jpg\"}]',NULL,NULL),(126,'喜之郎果肉果冻','Strong  Orange Jelly','510g','包',15.00,'XZLSP','C','C2','2010-03-26','[{\"filename\": \"mybase/products/126.jpg\"}]',NULL,NULL),(127,'辣西西里意大利面','Lasicilia spaghetti pasta','500g','袋',10.00,'DCHCY','E','E3','2010-04-29','[{\"filename\": \"mybase/products/127.jpg\"}]',NULL,NULL),(128,'百草味原味卤鸭脖','Original Salted Duck Neck','215g','袋',19.70,'BCWSP','F','F2','2012-08-10','[{\"filename\": \"mybase/products/128.jpg\"}]',NULL,NULL),(129,'迷你鱼丸','Mini Fish Ball','450g','包',19.90,'BLSP','H','H3','2014-03-20','[{\"filename\": \"mybase/products/129.jpg\"}]',NULL,NULL),(130,'奥利奥夹心饼干','Oreo Biscuit','349g','袋',13.90,'YZSP','E','E2','2015-10-13','[{\"filename\": \"mybase/products/130.jpg\"}]',NULL,NULL),(131,'湛江蟹肉罐头','Zhanjiang Canned Crab Meat','454g','罐',138.00,'PXYSM','H','H203','2015-07-30','[{\"filename\": \"mybase/products/131.jpg\"}]',NULL,NULL),(132,'雀巢全脂加糖炼乳','Nestle Pull Cream Sweetened Condensed Milk','350g','罐',15.90,'NESTLE','D','D3','2013-04-11','[{\"filename\": \"mybase/products/132.jpg\"}]',NULL,NULL),(133,'波力海苔','Po-Li Seasoned seaweed','24g','袋',21.75,'BLSP','H','H3','2008-04-23','[{\"filename\": \"mybase/products/133.jpg\"}]',NULL,NULL),(134,'潮汕咸带鱼','Chaoshan Salted Hairtail','180g','罐',16.90,'PXYSM','H','H202','2011-06-22','[{\"filename\": \"mybase/products/134.jpg\"}]',NULL,NULL),(135,'酱香小黄鱼罐头','Canned small yellow croaker with soy sauce','140g*6罐','箱',39.00,'HBGT','H','H203','2010-05-29','[{\"filename\": \"mybase/products/135.jpg\"}]',NULL,NULL),(136,'安佳全脂乳粉','Anchor Whole Milk Powder','1kg','袋',75.00,'GSYSP','D','D2','2010-06-12','[{\"filename\": \"mybase/products/136.jpg\"}]',NULL,NULL),(137,'洪湖新鲜莲藕','Hong Lake Fresh Lotus Root','5000g','箱',29.80,'LYNY','G','G1','2009-07-15','[{\"filename\": \"mybase/products/137.jpg\"}]',NULL,NULL),(138,'红牛维生素功能饮料','Red Bull Vitamin Energy Drink','250ml*6罐','箱',29.80,'HNWTM','A','A101','2011-08-29','[{\"filename\": \"mybase/products/138.jpg\"}]',NULL,NULL),(139,'莲花味精','Lotus Monosodium Glutamate','2kg','袋',25.80,'LHJK','B','B5','2015-12-09','[{\"filename\": \"mybase/products/139.jpg\"}]',NULL,NULL),(140,'达利园牛角包牛油味面包','Dali Garden Croissant Butter Bread','240g','袋',14.00,'DLSP','E','E1','2009-08-11','[{\"filename\": \"mybase/products/140.jpg\"}]',NULL,NULL),(141,'伊利金典有机纯牛奶','Yili Satine organic pure milk','250ml*6盒','箱',30.50,'LYSY','D','D101','2010-06-16','[{\"filename\": \"mybase/products/141.jpg\"}]',NULL,NULL),(142,'釜山鱼饼','Pusan Fish Cake','400g','袋',11.50,'HXSC','H','H3','2009-10-25','[{\"filename\": \"mybase/products/142.jpg\"}]',NULL,NULL),(143,'知味观蛋黄酥','Zhi Wei Guan Egg-yolk Puff','100g','盒',44.50,'ZWGSP','C','C2','2009-09-25','[{\"filename\": \"mybase/products/143.jpg\"}]',NULL,NULL),(144,'百草味手撕面包','Be＆Cheery Hand-Ripped Bread','500g','箱',29.90,'BCWSP','E','E1','2008-06-23','[{\"filename\": \"mybase/products/144.jpg\"}]',NULL,NULL),(145,'百威啤酒','Budweiser Beer','330ml*6罐','箱',35.00,'BWPJ','A','A201','2015-02-24','[{\"filename\": \"mybase/products/145.jpg\"}]',NULL,NULL);

with tmp as (
select * from products where releasedate is null order by rand() limit 10)
update products set releasedate=timestampadd(day,3000*rand(),'2008-1-1') where productid in (select productid from tmp) and productid>0;

#update products set photopath=concat('[{"filename":"mybase/products/', productid,'.jpg"}]') where productid>0;
#update products set supplierid=upper(supplierid) where productid>0;
select * from products;


drop table if exists Categories;
CREATE TABLE Categories(
  CategoryID char(14) Primary key,	
  CategoryName varchar(50) NOT NULL ,
  EnglishName varchar(50),
  description varchar(500)
);
TRUNCATE TABLE Categories;
INSERT INTO Categories(categoryid,categoryname,englishname,description)VALUES 
('A','饮料','Beverages','软饮料、咖啡、茶、啤酒和麦芽酒'),('B','调味品','Condiments','美味的酱汁，调味料，酱料'),
('C','糖果蜜饯','Confections','甜点，糖果和甜面包'),('D','乳制品','Dairy Products','牛奶和奶酪'),
('E','谷类食品','Grains/Cereals','面包、意大利面和谷类食品'),
('F','肉与肉制品','Meat','鲜肉和加工过的肉类'),
('G','农产品','Produce','干果和豆腐'),('H','水产品','Seafood','海藻类、鱼和虾'),('K','水产品K','Seafood','海藻类、鱼和虾KKK');

drop table if exists CategoryTree;
CREATE TABLE CategoryTree(
  CategoryID char(14) Primary key,	
  CategoryName varchar(50) NOT NULL ,
  EnglishName varchar(50),
  description varchar(500),
  ParentNodeID char(14),
  IsParentFlag tinyint,
  Level tinyint,
  ancestor varchar(150)
);
TRUNCATE TABLE Categorytree;
INSERT INTO categorytree(categoryid,categoryname,englishname,description,parentnodeid,isparentflag,level,ancestor)VALUES 
 ('A','饮料','Beverages',NULL,'',1,1,' '),('A1','非酒精饮料','Non-alcoholic beverages',NULL,'A',1,2,'A#'),('A101','茶、咖啡与功能饮料','Coffee, tea, and energy drinks',NULL,'A1',0,3,'A#A1#'),('A102','果汁与蔬菜汁','Fruit and vegetable juices',NULL,'A1',0,3,'A#A1#'),('A103','碳酸类与乳饮料','Carbonated and milk drinks',NULL,'A1',0,3,'A#A1#'),('A2','酒精饮料','Alcoholic beverages',NULL,'A',1,2,'A#'),('A201','啤酒','Beer',NULL,'A2',0,3,'A#A2#'),

 ('A202','白酒','Liquors',NULL,'A2',0,3,'A#A2#'),('A3','饮用水','Drinking water',NULL,'A',0,2,'A#'),
 ('B','调味品','Flavourings',NULL,'',1,1,' '),('B1','酱品类产品','Sauce products',NULL,'B',0,2,'B#'),
 ('B2','酱油类产品','Soy sauce products',NULL,'B',0,2,'B#'),('B3','汁水类产品','Juice products',NULL,'B',0,2,'B#'),('B4','味粉类产品','Flavor powder products',NULL,'B',0,2,'B#'),('B5','味精','Solid products',NULL,'B',0,2,'B#'),('C','糖果蜜饯','Confections',NULL,'',1,1,' '),('C1','糖果','Candies',NULL,'C',0,2,'C#'),('C2','甜点','Desserts',NULL,'C',0,2,'C#'),('C3','巧克力','Chocolate',NULL,'C',0,2,'C#'),('C4','蜜饯','Preserves',NULL,'C',0,2,'C#'),('D','乳制品','Dairy Products',NULL,'',1,1,' '),('D1','液体乳类','Milk and dairy-based drinks',NULL,'D',1,2,'D#'),('D101','鲜奶','Milk',NULL,'D1',0,3,'D#D1#'),('D102','酸奶','Yogurt',NULL,'D1',0,3,'D#D1#'),('D2','乳粉类','Milk Powder',NULL,'D',0,2,'D#'),('D3','炼乳、干酪和其他','Condensed milk, cheese and others',NULL,'D',0,2,'D#'),('E','谷类食品','Grains/Cereals',NULL,'',1,1,' '),('E1','面包','Breads',NULL,'E',0,2,'E#'),('E2','饼干','Crackers',NULL,'E',0,2,'E#'),('E3','面和面条','Pasta and noodles',NULL,'E',0,2,'E#'),('E4','麦片','Oatmeal',NULL,'E',0,2,'E#'),
 ('F','肉与肉制品','Meat',NULL,'',1,1,' '),('F1','未加工过的鲜肉','Raw fresh meat',NULL,'F',0,2,'F#'),('F2','加工过的肉制品','Processed meat products',NULL,'F',0,2,'F#'),('G','农产品','Produce',NULL,'',1,1,' '),('G1','瓜、果、蔬菜','Melons, fruits and vegetables',NULL,'G',0,2,'G#'),('G2','蘑菇','Mushroom',NULL,'G',0,2,'G#'),('G3','豆制品','Bean products',NULL,'G',0,2,'G#'),('H','水产品','Sea foods',NULL,'',1,1,' '),('H1','鲜活水产品','Fresh aquatic products',NULL,'H',1,2,'H#'),('H101','海水产品','Seawater products',NULL,'H1',0,3,'H#H1#'),('H102','淡水产品','Fresh water products',NULL,'H1',0,3,'H#H1#'),('H2','加工过的水产品','Processed aquatic products',NULL,'H',1,2,'H#'),('H201','干制品','Dry products',NULL,'H2',0,3,'H#H2#'),('H202','腌制品','Pickled products',NULL,'H2',0,3,'H#H2#')
 ,('H203','罐制品','Tank products',NULL,'H2',1,3,'H#H2#'),('H20301','罐制品01','Tank products',NULL,'H203',0,4,'H#H2#H203#'),('H20302','罐制品02','Tank products',NULL,'H203',0,4,'H#H2#H203#'),
 ('H3','海藻及其他水产品','Seaweed and other aquatic products',NULL,'H',0,2,'H#'), ('K','饮料k','Beverages',NULL,'',0,1,' ');
 select * from categorytree;

DROP TABLE IF EXISTS contents;
SET character_set_client = utf8mb4 ;
CREATE TABLE contents (
  RowID bigint(20) NOT NULL DEFAULT '0',
  ContentID varchar(255) DEFAULT NULL,
  ContentTitle varchar(500) DEFAULT NULL,
  NodeID smallint(6) DEFAULT '0',
  exercise mediumtext,
  Notes mediumtext,
  Parentnodeid char(16) DEFAULT NULL,
  Isparentflag tinyint(4) DEFAULT NULL,
  Ancester varchar(500) DEFAULT NULL,
  Level tinyint(4) DEFAULT NULL
) ENGINE=InnoDB DEFAULT CHARSET=utf8mb4 COLLATE=utf8mb4_0900_ai_ci;
INSERT INTO contents VALUES (1,'1','第1章 数据库系统基础',1,'','','',1,'',1),(2,'2','1.1 数据库简介',2,'','','1',1,'1#',2),(3,'3','1.1.1 数据库基本概念',3,'','','2',0,'1#2#',3),(4,'4','1.1.2 数据库技术的产生和发展',4,'','','2',0,'1#2#',3),(5,'5','1.2 数据模型与概念模型',5,'','','1',1,'1#',2),(6,'6','1.2.1 概念模型',6,'','','5',0,'1#5#',3),(7,'7','1.2.2 数据模型',7,'','','5',0,'1#5#',3),(8,'8','1.2.3 关系模型的优缺点',8,'','','5',0,'1#5#',3),(9,'9','1.3 数据库管理系统',9,'','','1',1,'1#',2),(10,'10','1.3.1 数据库管理系统的功能',10,'','','9',0,'1#9#',3),(11,'11','1.3.2 数据库管理系统的组成',11,'','','9',0,'1#9#',3),(12,'12','1.3.3 关系数据库管理系统实例',12,'','','9',0,'1#9#',3),(13,'13','1.4 数据库应用系统的结构',13,'','','1',1,'1#',2),(14,'14','1.4.1 数据库应用系统的组成',14,'','','13',0,'1#13#',3),(15,'15','1.4.2 数据库应用系统的三级数据模式结构',15,'','','13',0,'1#13#',3),(16,'16','1.4.3 数据库应用系统的体系结构',16,'','','13',0,'1#13#',3),(17,'17','1.4.4 数据库的设计过程',17,'','','13',0,'1#13#',3),(18,'18','1.5 数据库技术的研究与发展方向',18,'','','1',1,'1#',2),(19,'19','1.5.1 传统数据库技术的局限性',19,'','','18',0,'1#18#',3),(20,'20','1.5.2 第三代数据库系统',20,'','','18',0,'1#18#',3),(21,'21','1.5.3 数据库技术与其他相关技术的结合',21,'','','18',0,'1#18#',3),(22,'22','1.x 习题',22,'','','1',0,'1#',2),(23,'23','第2章 关系数据库',23,'','','',1,'',1),(24,'24','2.1 关系数据结构',24,'','','23',1,'23#',2),(25,'25','2.1.1 关系',25,'','','24',0,'23#24#',3),(26,'26','2.1.2 关系模式',26,'','','24',0,'23#24#',3),(27,'27','2.1.3 关系数据库',27,'','','24',0,'23#24#',3),(28,'28','2.2 关系操作概述',28,'','','23',0,'23#',2),(29,'29','2.3 关系的完整性',29,'','','23',0,'23#',2),(30,'30','2.4 关系代数',30,'','','23',1,'23#',2),(31,'31','2.4.1 集合运算',31,'','','30',0,'23#30#',3),(32,'32','2.4.2 专门的关系运算',32,'','','30',0,'23#30#',3),(33,'33','2.5 查询优化',33,'','','23',1,'23#',2),(34,'34','2.5.1 查询优化概述',34,'','','33',0,'23#33#',3),(35,'35','2.5.2 查询优化的一般准则',35,'','','33',0,'23#33#',3),(36,'36','2.5.3 关系代数等价变换规则',36,'','','33',0,'23#33#',3),(37,'37','2.x 习题',37,'','','23',0,'23#',2),(38,'38','第3章 关系数据库设计理论与方法',38,'','','',1,'',1),(39,'39','3.1 数据库概念结构设计',39,'','','38',1,'38#',2),(40,'40','3.1.1 概念结构的设计方法',40,'','','39',0,'38#39#',3),(41,'41','3.1.2 数据抽象与局部视图设计',41,'','','39',0,'38#39#',3),(42,'42','3.1.3 视图的集成',42,'','','39',0,'38#39#',3),(43,'43','3.2 数据库逻辑结构设计',43,'','','38',1,'38#',2),(44,'44','3.2.1 逻辑结构设计的任务和步骤',44,'','','43',0,'38#43#',3),(45,'45','3.2.2 E-R图向关系模型的转换',45,'','','43',0,'38#43#',3),(46,'46','3.2.3 用户子模式的设计',46,'','','43',0,'38#43#',3),(47,'47','3.3 数据依赖',47,'','','38',1,'38#',2),(48,'48','3.3.1 关系模式中的数据依赖',48,'','','47',0,'38#47#',3),(49,'49','3.3.2 数据依赖对关系模式的影响',49,'','','47',0,'38#47#',3),(50,'50','3.3.3 函数依赖',50,'','','47',0,'38#47#',3),(51,'51','3.4 范  式',51,'','','38',1,'38#',2),(52,'52','3.4.1 第一范式（1NF）',52,'','','51',0,'38#51#',3),(53,'53','3.4.2 第二范式（2NF）',53,'','','51',0,'38#51#',3),(54,'54','3.4.3 第三范式（3NF）',54,'','','51',0,'38#51#',3),(55,'55','3.4.4 BC范式（BCNF）',55,'','','51',0,'38#51#',3),(56,'56','3.4.5 多值依赖与第四范式（4NF）',56,'','','51',0,'38#51#',3),(57,'57','3.4.6 连接依赖与第五范式（5NF）',57,'','','51',0,'38#51#',3),(58,'58','3.5 函数依赖公理与模式分解',58,'','','38',1,'38#',2),(59,'59','3.5.1 函数依赖公理',59,'','','58',0,'38#58#',3),(60,'60','3.5.2 最小函数依赖集',60,'','','58',0,'38#58#',3),(61,'61','3.5.3 快速求码方法',61,'','','58',0,'38#58#',3),(62,'62','3.5.4 分解的无损连接性和保持函数依赖',62,'','','58',0,'38#58#',3),(63,'63','3.5.5 模式分解的算法',63,'','','58',0,'38#58#',3),(64,'64','3.x 习题',64,'','','38',0,'38#',2),(65,'65','第4章 关系数据库设计实例',65,'','','',1,'',1),(66,'66','4.1 使用E-R图设计数据库',66,'','','65',1,'65#',2),(67,'67','4.1.1 概念模型设计',67,'','','66',0,'65#66#',3),(68,'68','4.1.2 逻辑模型设计',68,'','','66',0,'65#66#',3),(69,'69','4.2 使用范式化理论设计数据库',69,'','','65',0,'65#',2),(70,'70','4.3 数据库表的设计',70,'','','65',0,'65#',2),(71,'71','4.4 数据库的创建',71,'','','65',0,'65#',2),(72,'72','4.5 习题',72,'','','65',0,'65#',2),(73,'73','第5章 数据库与表的管理',73,'','','',1,'',1),(74,'74','5.1 数据库的创建与维护',74,'','','73',1,'73#',2),(75,'75','5.1.1 SQL Server数据库',75,'','','74',0,'73#74#',3),(76,'76','5.1.2 创建数据库',76,'','','74',0,'73#74#',3),(77,'77','5.1.3 维护数据库',77,'','','74',0,'73#74#',3),(78,'78','5.1.4 数据库备份与恢复',78,'','','74',0,'73#74#',3),(79,'79','5.2 表的创建与维护',79,'','','73',1,'73#',2),(80,'80','5.2.1 表概述',80,'','','79',0,'73#79#',3),(81,'81','5.2.2 数据类型',81,'','','79',0,'73#79#',3),(82,'82','5.2.3 创建表',82,'','','79',0,'73#79#',3),(83,'83','5.2.4 修改表',83,'','','79',0,'73#79#',3),(84,'84','5.2.5 删除表',84,'','','79',0,'73#79#',3),(85,'85','5.3 数据完整性约束',85,'','','73',1,'73#',2),(86,'86','5.3.1 PRIMARY KEY主键约束',86,'','','85',0,'73#85#',3),(87,'87','5.3.2 FOREIGN KEY外键约束',87,'','','85',0,'73#85#',3),(88,'88','5.3.3 UNIQUE约束',88,'','','85',0,'73#85#',3),(89,'89','5.3.4 CHECK约束',89,'','','85',0,'73#85#',3),(90,'90','5.3.5 DEFAULT缺省约束',90,'','','85',0,'73#85#',3),(91,'91','5.3.6 NOT NULL非空约束',91,'','','85',0,'73#85#',3),(92,'92','5.4 表数据的更新',92,'','','73',1,'73#',2),(93,'93','5.4.1 插入数据',93,'','','92',0,'73#92#',3),(94,'94','5.4.2 修改数据',94,'','','92',0,'73#92#',3),(95,'95','5.4.3 删除数据',95,'','','92',0,'73#92#',3),(96,'96','5.5 临时表和表变量',96,'','','73',0,'73#',2),(97,'97','5.6 索  引',97,'','','73',1,'73#',2),(98,'98','5.6.1 索引概述',98,'','','97',0,'73#97#',3),(99,'99','5.6.2 创建索引',99,'','','97',0,'73#97#',3),(100,'100','5.6.3 删除索引',100,'','','97',0,'73#97#',3),(101,'101','5.x 习题',101,'','','73',0,'73#',2),(102,'102','第6章 数据检索',102,'','','',1,'',1),(103,'103','6.1 简单查询',103,'','','102',1,'102#',2),(104,'104','6.1.1 使用星号（*）检索所有列',104,'','','103',0,'102#103#',3),(105,'105','6.1.2 使用别名',105,'','','103',0,'102#103#',3),(106,'106','6.1.3 DISTINCT选项',106,'','','103',0,'102#103#',3),(107,'107','6.1.4 SELECT列表中使用表达式',107,'','','103',0,'102#103#',3),(108,'108','6.1.5 ORDER BY排序子句',108,'','','103',0,'102#103#',3),(109,'109','6.1.6 TOP和PERCENT子句',109,'','','103',0,'102#103#',3),(110,'110','6.1.7 SELECT…INTO复制数据',110,'','','103',0,'102#103#',3),(111,'111','6.2 条件查询',111,'','','102',1,'102#',2),(112,'112','6.2.1 组合搜索条件',112,'','','111',0,'102#111#',3),(113,'113','6.2.2 通配符及[NOT] LIKE操作符',113,'','','111',0,'102#111#',3),(114,'114','6.2.3 [NOT] IN操作符',114,'','','111',0,'102#111#',3),(115,'115','6.3 使用函数检索数据',115,'','','102',1,'102#',2),(116,'116','6.3.1 字符串处理函数',116,'','','115',0,'102#115#',3),(117,'117','6.3.2 日期时间函数',117,'','','115',0,'102#115#',3),(118,'118','6.3.3 聚合函数',118,'','','115',0,'102#115#',3),(119,'119','6.3.4 排名函数',119,'','','115',0,'102#115#',3),(120,'120','6.3.5 其他函数',120,'','','115',0,'102#115#',3),(121,'121','6.4 数据分组检索',121,'','','102',1,'102#',2),(122,'122','6.4.1 GROUP BY子句',122,'','','121',0,'102#121#',3),(123,'123','6.4.2 使用HAVING子句过滤分组结果',123,'','','121',0,'102#121#',3),(124,'124','6.4.3 使用ROLLUP、CUBE和GROUPING SETS运算符',124,'','','121',0,'102#121#',3),(125,'125','6.5 使用JOIN连接表',125,'','','102',1,'102#',2),(126,'126','6.5.1 内连接与交叉连接',126,'','','125',0,'102#125#',3),(127,'127','6.5.2 外连接OUTER JOIN',127,'','','125',0,'102#125#',3),(128,'128','6.5.3 自连接（SELF-JOIN）',128,'','','125',0,'102#125#',3),(129,'129','6.5.4 使用带聚合函数的多表连接',129,'','','125',0,'102#125#',3),(130,'130','6.6 子查询',130,'','','102',1,'102#',2),(131,'131','6.6.1 使用单值子查询',131,'','','130',0,'102#130#',3),(132,'132','6.6.2 使用IN（NOT IN）的子查询',132,'','','130',0,'102#130#',3),(133,'133','6.6.3 使用ANY和ALL操作符的嵌套查询',133,'','','130',0,'102#130#',3),(134,'134','6.6.4 [NOT] EXISTS',134,'','','130',0,'102#130#',3),(135,'135','6.6.5 使用衍生表',135,'','','130',0,'102#130#',3),(136,'136','6.6.6 使用公用表表达式',136,'','','130',0,'102#130#',3),(137,'137','6.6.7 相关子查询',137,'','','130',0,'102#130#',3),(138,'138','6.6.8 在UPDATE、DELETE、INSERT中使用子查询',138,'','','130',0,'102#130#',3),(139,'139','6.7 使用CASE语句处理条件数据',139,'','','102',0,'102#',2),(140,'140','6.8 组合查询',140,'','','102',0,'102#',2),(141,'141','6.9 习题',141,'','','102',0,'102#',2),(142,'142','第7章 T-SQL程序设计',142,'','','',1,'',1),(143,'143','7.1 T-SQL程序设计基础',143,'','','142',1,'142#',2),(144,'144','7.1.1 变量定义',144,'','','143',0,'142#143#',3),(145,'145','7.1.2 PRINT输出语句',145,'','','143',0,'142#143#',3),(146,'146','7.1.3 块语句BEGIN...END',146,'','','143',0,'142#143#',3),(147,'147','7.1.4 条件处理IF...ELSE',147,'','','143',0,'142#143#',3),(148,'148','7.1.5 循环处理',148,'','','143',0,'142#143#',3),(149,'149','7.2 视  图',149,'','','142',1,'142#',2),(150,'150','7.2.1 视图概述',150,'','','149',0,'142#149#',3),(151,'151','7.2.2 创建视图',151,'','','149',0,'142#149#',3),(152,'152','7.2.3 通过视图修改数据',152,'','','149',0,'142#149#',3),(153,'153','7.2.4 删除视图',153,'','','149',0,'142#149#',3),(154,'154','7.3 存储过程',154,'','','142',1,'142#',2),(155,'155','7.3.1 存储过程概述',155,'','','154',0,'142#154#',3),(156,'156','7.3.2 创建存储过程',156,'','','154',0,'142#154#',3),(157,'157','7.3.3 存储过程与动态SQL语句',157,'','','154',0,'142#154#',3),(158,'158','7.4 用户定义函数',158,'','','142',1,'142#',2),(159,'159','7.4.1 标量函数',159,'','','158',0,'142#158#',3),(160,'160','7.4.2 表值函数',160,'','','158',0,'142#158#',3),(161,'161','7.4.3 存储过程与用户定义函数的比较',161,'','','158',0,'142#158#',3),(162,'162','7.5 触发器',162,'','','142',1,'142#',2),(163,'163','7.5.1 触发器概述',163,'','','162',0,'142#162#',3),(164,'164','7.5.2 创建触发器',164,'','','162',0,'142#162#',3),(165,'165','7.6 游  标',165,'','','142',1,'142#',2),(166,'166','7.6.1 游标概述',166,'','','165',0,'142#165#',3),(167,'167','7.6.2 定义游标',167,'','','165',0,'142#165#',3),(168,'168','7.6.3 FETCH读取游标数据',168,'','','165',0,'142#165#',3),(169,'169','7.6.4 游标循环',169,'','','165',0,'142#165#',3),(170,'170','7.6.5 WHERE CURRENT OF的应用',170,'','','165',0,'142#165#',3),(171,'171','7.6.6 游标的综合应用',171,'','','165',0,'142#165#',3),(172,'172','7.x 习题',172,'','','142',0,'142#',2),(173,'173','第8章 SQL SERVER数据安全管理',173,'','','',1,'',1),(174,'174','8.1 用户管理',174,'','','173',1,'173#',2),(175,'175','8.1.1 SQL Server登录用户管理',175,'','','174',0,'173#174#',3),(176,'176','8.1.2 数据库用户管理',176,'','','174',0,'173#174#',3),(177,'177','8.2 角色管理',177,'','','173',1,'173#',2),(178,'178','8.2.1 固定服务器角色',178,'','','177',0,'173#177#',3),(179,'179','8.2.2 数据库角色',179,'','','177',0,'173#177#',3),(180,'180','8.3 权限管理',180,'','','173',1,'173#',2),(181,'181','8.3.1 权限管理概述',181,'','','180',0,'173#180#',3),(182,'182','8.3.2 授予权限',182,'','','180',0,'173#180#',3),(183,'183','8.3.3 查看权限',183,'','','180',0,'173#180#',3),(184,'184','8.3.4 拒绝权限',184,'','','180',0,'173#180#',3),(185,'185','8.3.5 取消权限',185,'','','180',0,'173#180#',3),(186,'186','8.4 事务控制与并发处理',186,'','','173',1,'173#',2),(187,'187','8.4.1 事务概述',187,'','','186',0,'173#186#',3),(188,'188','8.4.2 事务的并发控制',188,'','','186',0,'173#186#',3),(189,'189','8.4.3 锁的概念与分类',189,'','','186',0,'173#186#',3),(190,'190','8.4.4 SQL Server的并发控制机制',190,'','','186',0,'173#186#',3),(191,'191','8.4.5 SQL Server事务编程',191,'','','186',0,'173#186#',3),(192,'192','8.x 习题',192,'','','173',0,'173#',2),(193,'193','第9章 SQL SERVER高级技术及查询优化',193,'','','',1,'',1),(194,'194','9.1 数据导入与导出',194,'','','193',1,'193#',2),(195,'195','9.1.1 SQL Server数据导出',195,'','','194',0,'193#194#',3),(196,'196','9.1.2 SQL Server数据导入',196,'','','194',0,'193#194#',3),(197,'197','9.2 SQL Server系统表与系统函数的应用',197,'','','193',1,'193#',2),(198,'198','9.2.1 系统表的应用',198,'','','197',0,'193#197#',3),(199,'199','9.2.2 COLUMNPROPERTY函数及其应用',199,'','','197',0,'193#197#',3),(200,'200','9.2.3 BINARY_CHECKSUM和CHECKSUM_AGG函数的应用',200,'','','197',0,'193#197#',3),(201,'201','9.3 SQL Server数组模拟',201,'','','193',0,'193#',2),(202,'202','9.4 SQL Server中树状结构的实现技术',202,'','','193',1,'193#',2),(203,'203','9.4.1 树状结构的关系表存储结构',203,'','','202',0,'193#202#',3),(204,'204','9.4.2 插入节点',204,'','','202',0,'193#202#',3),(205,'205','9.4.3 查询节点',205,'','','202',0,'193#202#',3),(206,'206','9.4.4 删除节点',206,'','','202',0,'193#202#',3),(207,'207','9.5 SQL Server查询优化',207,'','','193',0,'193#',2),(208,'208','9.x 习题',208,'','','193',0,'193#',2),(209,'209','第10章 数据库在MIS开发中的应用',209,'','','',1,'',1),(210,'210','10.1 常用MIS用户定义函数',210,'','','209',0,'209#',2),(211,'211','10.2 会计核算系统中常用数据处理技术',211,'','','209',1,'209#',2),(212,'212','10.2.1 科目发生额逐级汇总',212,'','','211',0,'209#211#',3),(213,'213','10.2.2 明细账的生成及其余额的滚动计算',213,'','','211',0,'209#211#',3),(214,'214','10.2.3 应收账款分析',214,'','','211',0,'209#211#',3),(215,'215','10.3 销售营销系统中常用数据挖掘技术',215,'','','209',1,'209#',2),(216,'216','10.3.1 盈利能力分析',216,'','','215',0,'209#215#',3),(217,'217','10.3.2 订单交货准时率分析',217,'','','215',0,'209#215#',3),(218,'218','10.3.3 销售趋势分析',218,'','','215',0,'209#215#',3),(219,'219','10.3.4 销售绩效考核',219,'','','215',0,'209#215#',3),(220,'220','10.x 习题',220,'','','209',0,'209#',2);
select * from contents;
 
 select json_arrayagg(json_object('productid', productid,'productname', productname,'quantityperunit', quantityperunit,
'unit', unit, 'unitprice', unitprice, 'categoryid', categoryid,'subcategoryid', subcategoryid,'releasedate', releasedate,
'supplierid', supplierid,'englishname', englishname)) as json from products;

with tmp as (
select * from orderitems order by rand() limit 5)
 select json_arrayagg(json_object('orderid', orderid,'productid', productid,'quantity', quantity,'unitprice', unitprice,
'discount', discount)) as json from tmp;

with tmp as (
select * from employees order by rand() limit 7)
select json_arrayagg(json_object('employeeid', employeeid,'name', employeename,'birthdate', date(birthdate),'title', title)) as json from tmp;

select * from employees;
